"","","","","","","","","","","/年齢5歳階級 コード","01000","01001","01002","01003","01004","01005","01006","01007","01008","01009","01010","01011","01012","01013","01014","01015","01016","01017","04018"
"表章項目 コード","表章項目","男女別 コード","男女別","人口 コード","人口","時間軸（年月日現在） コード","時間軸（年月日現在）","全国・都道府県 コード","全国・都道府県","/年齢5歳階級","総数","0〜4歳","5〜9歳","10〜14歳","15〜19歳","20〜24歳","25〜29歳","30〜34歳","35〜39歳","40〜44歳","45〜49歳","50〜54歳","55〜59歳","60〜64歳","65〜69歳","70〜74歳","75〜79歳","80〜84歳","85歳以上"
"001","人口【千人】","000","男女計","001","総人口","1001","平成29年10月1日現在","00000","全国","","126,706","4,909","5,251","5,432","5,995","6,228","6,291","7,112","7,884","9,443","9,457","8,156","7,592","7,804","9,921","7,749","6,738","5,293","5,450"
"001","人口【千人】","000","男女計","001","総人口","1001","平成29年10月1日現在","01000","北海道","","5,320","179","198","211","234","234","237","275","313","380","374","342","341","371","469","348","306","248","262"
"001","人口【千人】","000","男女計","001","総人口","1001","平成29年10月1日現在","02000","青森県","","1,278","42","46","52","60","49","50","61","71","84","86","82","90","97","115","84","76","67","66"
"001","人口【千人】","000","男女計","001","総人口","1001","平成29年10月1日現在","03000","岩手県","","1,255","43","48","53","58","47","52","61","71","83","81","78","86","93","108","78","74","67","73"
"001","人口【千人】","000","男女計","001","総人口","1001","平成29年10月1日現在","04000","宮城県","","2,323","87","94","99","111","123","121","133","148","168","159","143","147","160","188","128","114","97","103"
"001","人口【千人】","000","男女計","001","総人口","1001","平成29年10月1日現在","05000","秋田県","","996","29","34","38","42","30","35","44","53","63","61","60","71","81","95","68","64","61","67"
"001","人口【千人】","000","男女計","001","総人口","1001","平成29年10月1日現在","06000","山形県","","1,102","39","43","48","52","40","45","55","63","70","68","66","75","82","96","67","63","59","71"
"001","人口【千人】","000","男女計","001","総人口","1001","平成29年10月1日現在","07000","福島県","","1,882","68","71","81","92","72","83","97","108","125","122","118","131","144","165","110","101","90","103"
"001","人口【千人】","000","男女計","001","総人口","1001","平成29年10月1日現在","08000","茨城県","","2,892","107","119","128","142","130","135","157","176","211","211","181","177","198","243","186","156","113","121"
"001","人口【千人】","000","男女計","001","総人口","1001","平成29年10月1日現在","09000","栃木県","","1,957","75","82","88","93","82","94","111","125","147","142","123","122","136","164","118","97","75","82"
"001","人口【千人】","000","男女計","001","総人口","1001","平成29年10月1日現在","10000","群馬県","","1,960","71","81","89","99","88","89","101","117","145","145","124","117","128","161","128","106","81","91"
"001","人口【千人】","000","男女計","001","総人口","1001","平成29年10月1日現在","11000","埼玉県","","7,310","282","303","314","346","398","376","415","469","578","592","489","420","428","558","469","391","263","220"
"001","人口【千人】","000","男女計","001","総人口","1001","平成29年10月1日現在","12000","千葉県","","6,246","235","254","266","290","317","311","352","396","486","501","411","360","373","490","411","340","239","212"
"001","人口【千人】","000","男女計","001","総人口","1001","平成29年10月1日現在","13000","東京都","","13,724","539","512","491","557","846","898","975","1,025","1,139","1,144","967","779","691","856","717","628","494","466"
"001","人口【千人】","000","男女計","001","総人口","1001","平成29年10月1日現在","14000","神奈川県","","9,159","357","378","387","427","509","487","542","607","737","776","652","532","493","641","534","459","333","307"
"001","人口【千人】","000","男女計","001","総人口","1001","平成29年10月1日現在","15000","新潟県","","2,267","80","90","95","106","91","97","115","131","156","151","140","143","161","197","141","128","112","132"
"001","人口【千人】","000","男女計","001","総人口","1001","平成29年10月1日現在","16000","富山県","","1,056","37","41","46","51","42","45","52","60","78","77","64","62","67","91","74","61","51","57"
"001","人口【千人】","000","男女計","001","総人口","1001","平成29年10月1日現在","17000","石川県","","1,147","45","49","52","58","56","53","59","67","86","82","70","68","71","94","74","60","48","55"
"001","人口【千人】","000","男女計","001","総人口","1001","平成29年10月1日現在","18000","福井県","","779","30","34","36","40","32","35","40","44","54","53","48","49","51","66","47","41","36","43"
"001","人口【千人】","000","男女計","001","総人口","1001","平成29年10月1日現在","19000","山梨県","","823","30","33","36","42","38","36","40","45","56","59","55","53","56","67","51","46","37","44"
"001","人口【千人】","000","男女計","001","総人口","1001","平成29年10月1日現在","20000","長野県","","2,076","77","87","95","103","75","87","100","118","147","148","130","127","133","169","135","119","99","126"
"001","人口【千人】","000","男女計","001","総人口","1001","平成29年10月1日現在","21000","岐阜県","","2,008","77","88","94","103","90","89","101","116","144","145","126","121","126","167","129","113","89","92"
"001","人口【千人】","000","男女計","001","総人口","1001","平成29年10月1日現在","22000","静岡県","","3,675","141","158","165","177","144","169","198","220","267","271","235","226","236","302","235","206","158","167"
"001","人口【千人】","000","男女計","001","総人口","1001","平成29年10月1日現在","23000","愛知県","","7,525","323","342","345","378","409","417","460","493","593","595","489","423","405","529","435","373","269","246"
"001","人口【千人】","000","男女計","001","総人口","1001","平成29年10月1日現在","24000","三重県","","1,800","68","77","81","89","79","83","94","105","131","132","116","110","112","144","114","99","80","84"
"001","人口【千人】","000","男女計","001","総人口","1001","平成29年10月1日現在","25000","滋賀県","","1,413","62","68","70","75","74","71","81","90","108","104","87","82","83","106","80","65","51","56"
"001","人口【千人】","000","男女計","001","総人口","1001","平成29年10月1日現在","26000","京都府","","2,599","96","104","109","124","162","134","140","154","191","191","162","145","146","207","168","144","110","113"
"001","人口【千人】","000","男女計","001","総人口","1001","平成29年10月1日現在","27000","大阪府","","8,823","337","358","374","425","478","462","500","543","679","712","586","493","479","667","563","502","357","309"
"001","人口【千人】","000","男女計","001","総人口","1001","平成29年10月1日現在","28000","兵庫県","","5,503","215","234","244","272","261","252","288","326","411","421","358","329","333","439","353","302","232","232"
"001","人口【千人】","000","男女計","001","総人口","1001","平成29年10月1日現在","29000","奈良県","","1,348","49","55","60","68","66","59","65","74","94","98","86","81","85","115","93","81","59","60"
"001","人口【千人】","000","男女計","001","総人口","1001","平成29年10月1日現在","30000","和歌山県","","945","34","38","40","46","36","39","45","50","64","66","60","60","63","82","65","58","48","52"
"001","人口【千人】","000","男女計","001","総人口","1001","平成29年10月1日現在","31000","鳥取県","","565","22","24","25","27","22","24","29","33","38","35","33","36","41","49","34","30","28","35"
"001","人口【千人】","000","男女計","001","総人口","1001","平成29年10月1日現在","32000","島根県","","685","27","28","30","33","24","27","33","38","45","42","38","43","48","61","45","38","38","48"
"001","人口【千人】","000","男女計","001","総人口","1001","平成29年10月1日現在","33000","岡山県","","1,907","76","82","85","95","96","91","102","110","136","131","110","110","117","153","124","103","87","100"
"001","人口【千人】","000","男女計","001","総人口","1001","平成29年10月1日現在","34000","広島県","","2,829","116","126","126","137","134","136","154","170","210","205","170","164","172","224","183","150","119","133"
"001","人口【千人】","000","男女計","001","総人口","1001","平成29年10月1日現在","35000","山口県","","1,383","50","56","58","65","56","57","67","74","94","91","78","82","93","126","98","85","72","81"
"001","人口【千人】","000","男女計","001","総人口","1001","平成29年10月1日現在","36000","徳島県","","743","26","28","30","34","29","31","37","42","50","49","45","47","54","69","48","42","38","44"
"001","人口【千人】","000","男女計","001","総人口","1001","平成29年10月1日現在","37000","香川県","","967","37","40","43","47","38","41","49","56","71","67","56","58","63","85","64","53","46","54"
"001","人口【千人】","000","男女計","001","総人口","1001","平成29年10月1日現在","38000","愛媛県","","1,364","50","56","59","64","51","57","67","77","94","91","82","86","93","122","90","79","68","79"
"001","人口【千人】","000","男女計","001","総人口","1001","平成29年10月1日現在","39000","高知県","","714","25","27","29","33","26","27","33","39","49","46","42","45","49","65","51","43","38","48"
"001","人口【千人】","000","男女計","001","総人口","1001","平成29年10月1日現在","40000","福岡県","","5,107","220","230","225","244","271","253","294","327","372","355","304","302","326","410","295","257","204","218"
"001","人口【千人】","000","男女計","001","総人口","1001","平成29年10月1日現在","41000","佐賀県","","824","35","38","40","43","35","36","43","48","54","51","48","53","59","69","47","43","37","45"
"001","人口【千人】","000","男女計","001","総人口","1001","平成29年10月1日現在","42000","長崎県","","1,354","54","58","60","65","52","56","66","74","86","86","82","91","101","120","82","77","67","77"
"001","人口【千人】","000","男女計","001","総人口","1001","平成29年10月1日現在","43000","熊本県","","1,765","75","81","81","84","74","79","93","102","114","107","105","113","126","146","103","94","86","102"
"001","人口【千人】","000","男女計","001","総人口","1001","平成29年10月1日現在","44000","大分県","","1,152","45","49","50","55","47","49","58","66","78","73","66","71","81","101","75","66","58","67"
"001","人口【千人】","000","男女計","001","総人口","1001","平成29年10月1日現在","45000","宮崎県","","1,089","46","50","50","53","40","44","55","62","71","66","63","71","81","96","65","61","55","61"
"001","人口【千人】","000","男女計","001","総人口","1001","平成29年10月1日現在","46000","鹿児島県","","1,626","68","74","74","75","62","67","83","92","101","96","97","109","125","139","92","89","82","99"
"001","人口【千人】","000","男女計","001","総人口","1001","平成29年10月1日現在","47000","沖縄県","","1,443","82","84","81","82","71","77","90","94","107","99","88","91","95","96","54","57","48","49"
"001","人口【千人】","000","男女計","002","日本人人口","1001","平成29年10月1日現在","00000","全国","","124,648","4,836","5,191","5,382","5,898","5,920","5,999","6,882","7,683","9,280","9,299","8,030","7,503","7,737","9,868","7,712","6,712","5,277","5,438"
"001","人口【千人】","000","男女計","002","日本人人口","1001","平成29年10月1日現在","01000","北海道","","5,292","179","198","211","232","227","232","271","310","378","372","341","340","370","468","348","306","248","262"
"001","人口【千人】","000","男女計","002","日本人人口","1001","平成29年10月1日現在","02000","青森県","","1,274","42","46","52","60","48","49","61","71","84","86","82","90","97","115","84","76","67","66"
"001","人口【千人】","000","男女計","002","日本人人口","1001","平成29年10月1日現在","03000","岩手県","","1,249","43","48","53","58","46","51","61","70","83","81","78","85","93","108","78","74","67","73"
"001","人口【千人】","000","男女計","002","日本人人口","1001","平成29年10月1日現在","04000","宮城県","","2,305","87","94","99","110","119","118","131","146","166","158","142","147","159","187","128","114","97","103"
"001","人口【千人】","000","男女計","002","日本人人口","1001","平成29年10月1日現在","05000","秋田県","","992","29","34","38","42","30","34","44","53","62","61","60","71","81","95","68","64","61","67"
"001","人口【千人】","000","男女計","002","日本人人口","1001","平成29年10月1日現在","06000","山形県","","1,095","38","43","47","52","39","44","54","63","70","67","66","74","82","96","67","63","59","71"
"001","人口【千人】","000","男女計","002","日本人人口","1001","平成29年10月1日現在","07000","福島県","","1,871","68","71","81","91","70","82","96","107","124","121","118","131","143","165","110","101","90","103"
"001","人口【千人】","000","男女計","002","日本人人口","1001","平成29年10月1日現在","08000","茨城県","","2,847","106","118","127","140","123","128","152","172","208","207","178","174","197","242","185","156","113","121"
"001","人口【千人】","000","男女計","002","日本人人口","1001","平成29年10月1日現在","09000","栃木県","","1,930","74","81","87","92","79","90","108","122","145","139","120","121","135","163","118","97","75","82"
"001","人口【千人】","000","男女計","002","日本人人口","1001","平成29年10月1日現在","10000","群馬県","","1,913","69","79","87","96","81","82","96","112","141","141","120","115","127","160","127","105","81","91"
"001","人口【千人】","000","男女計","002","日本人人口","1001","平成29年10月1日現在","11000","埼玉県","","7,174","276","298","311","340","378","356","399","455","567","581","480","414","424","556","467","390","262","220"
"001","人口【千人】","000","男女計","002","日本人人口","1001","平成29年10月1日現在","12000","千葉県","","6,141","230","251","263","286","305","297","340","385","476","491","403","355","370","488","410","339","238","212"
"001","人口【千人】","000","男女計","002","日本人人口","1001","平成29年10月1日現在","13000","東京都","","13,273","523","499","481","534","773","827","922","979","1,103","1,111","941","762","679","848","712","624","492","464"
"001","人口【千人】","000","男女計","002","日本人人口","1001","平成29年10月1日現在","14000","神奈川県","","8,989","349","372","382","420","490","464","521","589","723","761","641","525","488","637","531","457","332","307"
"001","人口【千人】","000","男女計","002","日本人人口","1001","平成29年10月1日現在","15000","新潟県","","2,253","80","90","95","106","89","95","113","130","155","150","139","142","160","197","141","128","112","131"
"001","人口【千人】","000","男女計","002","日本人人口","1001","平成29年10月1日現在","16000","富山県","","1,043","37","41","45","50","39","43","50","59","77","76","63","62","67","90","74","61","51","57"
"001","人口【千人】","000","男女計","002","日本人人口","1001","平成29年10月1日現在","17000","石川県","","1,136","45","48","51","58","54","51","58","66","85","82","69","68","70","94","74","59","48","55"
"001","人口【千人】","000","男女計","002","日本人人口","1001","平成29年10月1日現在","18000","福井県","","767","30","34","36","39","31","33","39","43","53","52","47","49","51","65","46","41","36","43"
"001","人口【千人】","000","男女計","002","日本人人口","1001","平成29年10月1日現在","19000","山梨県","","811","29","33","36","41","36","35","39","44","55","58","54","52","55","67","51","45","37","44"
"001","人口【千人】","000","男女計","002","日本人人口","1001","平成29年10月1日現在","20000","長野県","","2,047","77","86","94","102","72","83","98","115","145","145","128","125","132","168","134","118","99","125"
"001","人口【千人】","000","男女計","002","日本人人口","1001","平成29年10月1日現在","21000","岐阜県","","1,970","75","86","92","101","85","84","97","112","141","142","124","120","126","166","128","112","88","92"
"001","人口【千人】","000","男女計","002","日本人人口","1001","平成29年10月1日現在","22000","静岡県","","3,605","138","155","163","173","135","160","190","213","261","265","230","222","234","301","234","205","158","167"
"001","人口【千人】","000","男女計","002","日本人人口","1001","平成29年10月1日現在","23000","愛知県","","7,328","314","334","338","369","385","391","436","472","576","580","478","415","399","525","431","370","268","245"
"001","人口【千人】","000","男女計","002","日本人人口","1001","平成29年10月1日現在","24000","三重県","","1,763","67","75","80","87","74","78","90","101","128","130","113","108","111","144","113","99","80","84"
"001","人口【千人】","000","男女計","002","日本人人口","1001","平成29年10月1日現在","25000","滋賀県","","1,390","61","67","69","74","71","69","78","88","106","102","86","81","82","105","79","65","51","56"
"001","人口【千人】","000","男女計","002","日本人人口","1001","平成29年10月1日現在","26000","京都府","","2,551","95","103","108","121","154","128","136","150","187","188","160","143","143","205","166","142","109","112"
"001","人口【千人】","000","男女計","002","日本人人口","1001","平成29年10月1日現在","27000","大阪府","","8,657","332","354","370","418","459","443","485","529","667","700","576","483","470","658","556","497","353","306"
"001","人口【千人】","000","男女計","002","日本人人口","1001","平成29年10月1日現在","28000","兵庫県","","5,417","213","232","242","268","250","243","281","320","405","414","353","324","329","435","349","299","230","230"
"001","人口【千人】","000","男女計","002","日本人人口","1001","平成29年10月1日現在","29000","奈良県","","1,338","48","55","59","68","65","58","64","73","93","97","86","80","85","115","93","81","59","60"
"001","人口【千人】","000","男女計","002","日本人人口","1001","平成29年10月1日現在","30000","和歌山県","","939","34","38","40","46","35","38","45","49","63","65","60","60","63","82","64","58","48","52"
"001","人口【千人】","000","男女計","002","日本人人口","1001","平成29年10月1日現在","31000","鳥取県","","561","22","24","25","27","21","24","29","33","38","35","33","36","41","48","34","30","28","35"
"001","人口【千人】","000","男女計","002","日本人人口","1001","平成29年10月1日現在","32000","島根県","","678","27","28","29","32","23","26","32","37","44","41","38","43","48","61","45","38","38","48"
"001","人口【千人】","000","男女計","002","日本人人口","1001","平成29年10月1日現在","33000","岡山県","","1,888","76","82","85","94","92","88","99","108","135","129","109","109","116","152","123","103","87","100"
"001","人口【千人】","000","男女計","002","日本人人口","1001","平成29年10月1日現在","34000","広島県","","2,789","115","125","126","135","128","129","149","166","207","203","168","163","171","223","182","149","119","133"
"001","人口【千人】","000","男女計","002","日本人人口","1001","平成29年10月1日現在","35000","山口県","","1,369","50","56","58","64","53","54","65","73","93","91","78","81","92","125","98","85","71","81"
"001","人口【千人】","000","男女計","002","日本人人口","1001","平成29年10月1日現在","36000","徳島県","","739","26","28","30","34","29","30","36","41","50","48","44","47","54","69","48","42","38","44"
"001","人口【千人】","000","男女計","002","日本人人口","1001","平成29年10月1日現在","37000","香川県","","959","37","40","42","47","36","39","48","55","70","66","56","58","63","85","64","53","46","54"
"001","人口【千人】","000","男女計","002","日本人人口","1001","平成29年10月1日現在","38000","愛媛県","","1,354","50","56","59","64","49","55","66","75","94","90","82","85","93","122","90","79","68","79"
"001","人口【千人】","000","男女計","002","日本人人口","1001","平成29年10月1日現在","39000","高知県","","710","24","27","29","32","26","26","33","39","49","46","41","45","49","65","51","43","38","48"
"001","人口【千人】","000","男女計","002","日本人人口","1001","平成29年10月1日現在","40000","福岡県","","5,051","218","229","224","241","259","244","289","322","368","352","301","300","324","408","294","256","203","218"
"001","人口【千人】","000","男女計","002","日本人人口","1001","平成29年10月1日現在","41000","佐賀県","","819","35","38","40","43","33","35","43","48","53","51","48","53","59","69","47","43","37","45"
"001","人口【千人】","000","男女計","002","日本人人口","1001","平成29年10月1日現在","42000","長崎県","","1,346","54","58","60","64","49","54","65","73","85","86","82","91","101","120","82","77","67","77"
"001","人口【千人】","000","男女計","002","日本人人口","1001","平成29年10月1日現在","43000","熊本県","","1,754","75","81","81","84","71","77","92","101","113","107","104","113","125","145","103","94","86","102"
"001","人口【千人】","000","男女計","002","日本人人口","1001","平成29年10月1日現在","44000","大分県","","1,142","44","49","50","53","43","47","57","66","77","72","65","71","80","101","75","66","58","67"
"001","人口【千人】","000","男女計","002","日本人人口","1001","平成29年10月1日現在","45000","宮崎県","","1,083","46","50","50","52","39","43","54","62","71","65","63","71","81","96","65","61","55","61"
"001","人口【千人】","000","男女計","002","日本人人口","1001","平成29年10月1日現在","46000","鹿児島県","","1,617","68","74","74","75","59","65","82","92","100","95","97","109","125","139","92","89","82","99"
"001","人口【千人】","000","男女計","002","日本人人口","1001","平成29年10月1日現在","47000","沖縄県","","1,429","82","84","81","81","69","75","88","93","106","99","87","90","94","96","53","57","47","49"
"001","人口【千人】","001","男","001","総人口","1001","平成29年10月1日現在","00000","全国","","61,655","2,513","2,690","2,781","3,079","3,205","3,222","3,616","3,996","4,784","4,777","4,098","3,786","3,847","4,798","3,629","3,009","2,157","1,669"
"001","人口【千人】","001","男","001","総人口","1001","平成29年10月1日現在","01000","北海道","","2,506","92","101","108","120","119","118","136","155","188","183","164","164","177","218","155","129","99","81"
"001","人口【千人】","001","男","001","総人口","1001","平成29年10月1日現在","02000","青森県","","600","21","24","27","31","26","26","31","36","42","42","40","43","46","54","38","31","25","18"
"001","人口【千人】","001","男","001","総人口","1001","平成29年10月1日現在","03000","岩手県","","604","22","25","27","30","24","27","31","36","43","42","40","43","47","53","36","31","26","21"
"001","人口【千人】","001","男","001","総人口","1001","平成29年10月1日現在","04000","宮城県","","1,136","45","48","51","57","64","62","67","75","85","81","72","74","79","92","61","51","39","32"
"001","人口【千人】","001","男","001","総人口","1001","平成29年10月1日現在","05000","秋田県","","468","15","17","19","21","16","18","22","27","32","30","30","35","39","46","31","27","23","19"
"001","人口【千人】","001","男","001","総人口","1001","平成29年10月1日現在","06000","山形県","","531","20","22","24","27","21","23","28","32","36","34","33","37","41","48","32","28","23","21"
"001","人口【千人】","001","男","001","総人口","1001","平成29年10月1日現在","07000","福島県","","932","35","37","41","47","40","44","51","56","66","63","61","68","73","84","54","45","35","31"
"001","人口【千人】","001","男","001","総人口","1001","平成29年10月1日現在","08000","茨城県","","1,442","55","61","66","74","70","73","83","92","110","110","93","89","99","119","90","74","48","37"
"001","人口【千人】","001","男","001","総人口","1001","平成29年10月1日現在","09000","栃木県","","974","38","42","45","48","43","50","58","65","77","74","63","62","69","81","57","45","31","25"
"001","人口【千人】","001","男","001","総人口","1001","平成29年10月1日現在","10000","群馬県","","968","37","42","46","51","46","48","53","61","75","75","63","59","64","79","61","48","34","29"
"001","人口【千人】","001","男","001","総人口","1001","平成29年10月1日現在","11000","埼玉県","","3,648","145","155","161","178","207","196","214","242","300","308","253","215","214","270","222","183","115","71"
"001","人口【千人】","001","男","001","総人口","1001","平成29年10月1日現在","12000","千葉県","","3,103","121","130","136","150","165","161","181","203","250","260","212","183","185","238","195","160","105","68"
"001","人口【千人】","001","男","001","総人口","1001","平成29年10月1日現在","13000","東京都","","6,760","274","262","251","284","429","457","498","524","581","582","500","401","348","418","332","274","198","146"
"001","人口【千人】","001","男","001","総人口","1001","平成29年10月1日現在","14000","神奈川県","","4,569","183","193","198","219","268","254","282","313","380","400","341","275","247","312","252","210","142","100"
"001","人口【千人】","001","男","001","総人口","1001","平成29年10月1日現在","15000","新潟県","","1,098","41","46","49","55","47","50","59","67","79","77","70","72","80","97","67","57","44","39"
"001","人口【千人】","001","男","001","総人口","1001","平成29年10月1日現在","16000","富山県","","511","19","21","23","26","22","24","27","31","40","39","32","31","33","44","35","27","20","17"
"001","人口【千人】","001","男","001","総人口","1001","平成29年10月1日現在","17000","石川県","","556","23","25","26","30","31","28","30","34","44","41","35","34","35","45","35","27","19","16"
"001","人口【千人】","001","男","001","総人口","1001","平成29年10月1日現在","18000","福井県","","378","16","17","19","20","17","18","20","23","27","27","24","24","25","32","22","18","15","13"
"001","人口【千人】","001","男","001","総人口","1001","平成29年10月1日現在","19000","山梨県","","403","15","17","19","22","20","19","21","23","28","30","28","27","28","33","25","21","15","14"
"001","人口【千人】","001","男","001","総人口","1001","平成29年10月1日現在","20000","長野県","","1,012","40","45","49","53","40","45","51","60","75","75","66","63","67","83","64","54","41","41"
"001","人口【千人】","001","男","001","総人口","1001","平成29年10月1日現在","21000","岐阜県","","973","39","45","48","53","45","45","52","59","73","73","62","59","61","80","61","51","37","29"
"001","人口【千人】","001","男","001","総人口","1001","平成29年10月1日現在","22000","静岡県","","1,810","72","81","85","92","75","89","103","113","138","139","120","114","118","148","112","94","66","53"
"001","人口【千人】","001","男","001","総人口","1001","平成29年10月1日現在","23000","愛知県","","3,764","166","176","176","197","215","222","242","257","307","308","253","215","202","256","207","172","114","79"
"001","人口【千人】","001","男","001","総人口","1001","平成29年10月1日現在","24000","三重県","","877","35","39","42","46","41","43","49","54","67","67","58","54","55","69","54","45","33","27"
"001","人口【千人】","001","男","001","総人口","1001","平成29年10月1日現在","25000","滋賀県","","697","32","35","36","39","39","38","42","46","55","53","44","41","41","52","38","31","22","17"
"001","人口【千人】","001","男","001","総人口","1001","平成29年10月1日現在","26000","京都府","","1,242","49","53","56","63","82","67","69","76","94","95","79","71","70","97","77","64","45","34"
"001","人口【千人】","001","男","001","総人口","1001","平成29年10月1日現在","27000","大阪府","","4,241","172","184","191","217","240","228","247","267","335","353","290","243","233","317","260","224","146","94"
"001","人口【千人】","001","男","001","総人口","1001","平成29年10月1日現在","28000","兵庫県","","2,624","110","120","125","139","128","125","143","160","202","206","174","158","161","209","164","135","94","71"
"001","人口【千人】","001","男","001","総人口","1001","平成29年10月1日現在","29000","奈良県","","635","25","28","31","35","32","29","31","36","45","47","41","38","40","54","43","37","25","19"
"001","人口【千人】","001","男","001","総人口","1001","平成29年10月1日現在","30000","和歌山県","","444","17","19","21","24","18","19","22","24","31","32","28","29","30","39","30","25","19","16"
"001","人口【千人】","001","男","001","総人口","1001","平成29年10月1日現在","31000","鳥取県","","270","12","12","13","14","12","12","15","17","19","18","16","18","20","24","16","13","11","10"
"001","人口【千人】","001","男","001","総人口","1001","平成29年10月1日現在","32000","島根県","","330","14","15","15","17","13","14","17","19","23","21","19","22","24","31","21","17","15","14"
"001","人口【千人】","001","男","001","総人口","1001","平成29年10月1日現在","33000","岡山県","","916","39","42","44","49","48","46","51","55","68","65","54","54","57","74","58","46","35","30"
"001","人口【千人】","001","男","001","総人口","1001","平成29年10月1日現在","34000","広島県","","1,372","59","64","65","71","70","71","79","86","106","103","84","81","84","108","86","66","48","40"
"001","人口【千人】","001","男","001","総人口","1001","平成29年10月1日現在","35000","山口県","","655","26","28","30","33","30","30","34","37","47","45","38","40","45","60","45","37","28","24"
"001","人口【千人】","001","男","001","総人口","1001","平成29年10月1日現在","36000","徳島県","","354","14","14","15","17","15","16","19","21","25","24","22","23","26","34","23","19","15","13"
"001","人口【千人】","001","男","001","総人口","1001","平成29年10月1日現在","37000","香川県","","469","19","21","22","24","20","21","25","28","36","34","28","29","31","41","30","24","19","17"
"001","人口【千人】","001","男","001","総人口","1001","平成29年10月1日現在","38000","愛媛県","","645","26","29","30","33","27","29","34","38","47","44","40","41","45","58","41","34","26","23"
"001","人口【千人】","001","男","001","総人口","1001","平成29年10月1日現在","39000","高知県","","336","12","14","15","17","14","13","17","20","24","23","20","22","24","31","23","19","15","14"
"001","人口【千人】","001","男","001","総人口","1001","平成29年10月1日現在","40000","福岡県","","2,415","113","118","115","125","136","123","144","160","183","173","146","146","157","194","134","109","77","62"
"001","人口【千人】","001","男","001","総人口","1001","平成29年10月1日現在","41000","佐賀県","","389","18","20","20","22","17","18","22","24","27","25","23","26","29","33","21","18","14","13"
"001","人口【千人】","001","男","001","総人口","1001","平成29年10月1日現在","42000","長崎県","","636","28","30","31","33","26","28","33","36","42","42","39","44","49","58","38","32","26","22"
"001","人口【千人】","001","男","001","総人口","1001","平成29年10月1日現在","43000","熊本県","","833","38","41","41","43","37","39","46","51","56","52","50","54","61","71","48","40","34","30"
"001","人口【千人】","001","男","001","総人口","1001","平成29年10月1日現在","44000","大分県","","546","23","25","25","28","24","25","29","33","39","36","32","34","39","49","34","28","23","20"
"001","人口【千人】","001","男","001","総人口","1001","平成29年10月1日現在","45000","宮崎県","","512","23","26","26","26","20","21","26","31","35","32","30","34","39","46","30","26","22","18"
"001","人口【千人】","001","男","001","総人口","1001","平成29年10月1日現在","46000","鹿児島県","","763","35","38","38","38","30","32","40","45","49","46","47","53","62","69","43","39","32","28"
"001","人口【千人】","001","男","001","総人口","1001","平成29年10月1日現在","47000","沖縄県","","709","42","43","42","42","37","38","44","46","54","50","44","46","48","48","26","26","20","15"
"001","人口【千人】","001","男","002","日本人人口","1001","平成29年10月1日現在","00000","全国","","60,676","2,475","2,659","2,756","3,030","3,039","3,063","3,503","3,907","4,716","4,716","4,048","3,749","3,818","4,773","3,611","2,997","2,150","1,665"
"001","人口【千人】","001","男","002","日本人人口","1001","平成29年10月1日現在","01000","北海道","","2,494","92","101","107","119","117","116","135","153","187","182","163","163","176","218","155","129","99","81"
"001","人口【千人】","001","男","002","日本人人口","1001","平成29年10月1日現在","02000","青森県","","599","21","24","27","31","25","26","30","36","42","42","40","43","46","54","38","31","25","18"
"001","人口【千人】","001","男","002","日本人人口","1001","平成29年10月1日現在","03000","岩手県","","602","22","25","27","30","24","26","31","36","43","42","40","43","47","53","36","31","26","21"
"001","人口【千人】","001","男","002","日本人人口","1001","平成29年10月1日現在","04000","宮城県","","1,127","45","48","51","57","62","60","66","74","85","81","72","74","79","92","61","51","39","32"
"001","人口【千人】","001","男","002","日本人人口","1001","平成29年10月1日現在","05000","秋田県","","467","15","17","19","21","16","18","22","27","32","30","30","35","39","46","31","27","23","19"
"001","人口【千人】","001","男","002","日本人人口","1001","平成29年10月1日現在","06000","山形県","","529","20","22","24","26","21","23","28","32","36","34","33","37","41","48","32","28","23","21"
"001","人口【千人】","001","男","002","日本人人口","1001","平成29年10月1日現在","07000","福島県","","927","35","37","41","47","39","43","51","56","66","63","61","67","73","84","54","45","35","31"
"001","人口【千人】","001","男","002","日本人人口","1001","平成29年10月1日現在","08000","茨城県","","1,420","54","61","65","73","65","69","80","90","108","108","92","88","98","119","90","74","48","37"
"001","人口【千人】","001","男","002","日本人人口","1001","平成29年10月1日現在","09000","栃木県","","962","38","42","45","47","41","48","57","64","76","73","62","62","68","81","57","45","31","25"
"001","人口【千人】","001","男","002","日本人人口","1001","平成29年10月1日現在","10000","群馬県","","945","35","41","45","49","42","44","50","59","73","73","62","58","64","79","61","48","34","29"
"001","人口【千人】","001","男","002","日本人人口","1001","平成29年10月1日現在","11000","埼玉県","","3,582","141","153","159","174","195","184","205","236","296","304","249","213","212","269","222","182","115","71"
"001","人口【千人】","001","男","002","日本人人口","1001","平成29年10月1日現在","12000","千葉県","","3,056","118","129","135","148","158","154","175","198","246","256","210","182","184","237","195","159","104","68"
"001","人口【千人】","001","男","002","日本人人口","1001","平成29年10月1日現在","13000","東京都","","6,538","267","256","246","273","389","419","471","502","564","568","489","394","343","414","330","272","198","145"
"001","人口【千人】","001","男","002","日本人人口","1001","平成29年10月1日現在","14000","神奈川県","","4,486","179","190","196","216","256","242","271","304","373","395","336","271","245","310","251","210","141","99"
"001","人口【千人】","001","男","002","日本人人口","1001","平成29年10月1日現在","15000","新潟県","","1,093","41","46","49","54","46","49","58","67","79","77","70","72","80","97","67","57","44","39"
"001","人口【千人】","001","男","002","日本人人口","1001","平成29年10月1日現在","16000","富山県","","505","19","21","23","26","21","23","26","31","40","39","32","31","33","44","35","27","20","17"
"001","人口【千人】","001","男","002","日本人人口","1001","平成29年10月1日現在","17000","石川県","","550","23","25","26","30","29","26","30","34","43","41","35","33","34","45","35","27","19","16"
"001","人口【千人】","001","男","002","日本人人口","1001","平成29年10月1日現在","18000","福井県","","373","15","17","18","20","16","18","20","22","27","26","23","24","25","32","22","18","15","13"
"001","人口【千人】","001","男","002","日本人人口","1001","平成29年10月1日現在","19000","山梨県","","398","15","17","18","22","19","18","20","23","28","30","28","26","28","33","24","21","15","14"
"001","人口【千人】","001","男","002","日本人人口","1001","平成29年10月1日現在","20000","長野県","","999","39","44","48","53","38","43","50","59","74","74","65","63","66","82","64","54","41","41"
"001","人口【千人】","001","男","002","日本人人口","1001","平成29年10月1日現在","21000","岐阜県","","956","39","44","47","52","43","43","50","57","72","72","61","59","61","80","61","51","37","29"
"001","人口【千人】","001","男","002","日本人人口","1001","平成29年10月1日現在","22000","静岡県","","1,776","71","79","83","90","70","84","99","110","135","137","118","112","117","147","111","94","65","52"
"001","人口【千人】","001","男","002","日本人人口","1001","平成29年10月1日現在","23000","愛知県","","3,668","161","172","173","192","202","207","231","248","300","302","248","212","200","254","206","171","113","78"
"001","人口【千人】","001","男","002","日本人人口","1001","平成29年10月1日現在","24000","三重県","","859","34","39","41","45","38","41","47","52","65","66","57","54","54","69","54","45","33","27"
"001","人口【千人】","001","男","002","日本人人口","1001","平成29年10月1日現在","25000","滋賀県","","686","31","34","35","38","38","36","40","45","54","52","43","40","41","51","38","30","21","17"
"001","人口【千人】","001","男","002","日本人人口","1001","平成29年10月1日現在","26000","京都府","","1,219","49","53","55","62","78","64","67","74","92","93","78","70","69","96","76","63","45","34"
"001","人口【千人】","001","男","002","日本人人口","1001","平成29年10月1日現在","27000","大阪府","","4,162","169","182","189","213","230","218","240","261","329","348","285","239","229","313","256","221","145","94"
"001","人口【千人】","001","男","002","日本人人口","1001","平成29年10月1日現在","28000","兵庫県","","2,583","109","118","124","137","122","120","139","157","199","203","172","156","159","207","162","134","93","71"
"001","人口【千人】","001","男","002","日本人人口","1001","平成29年10月1日現在","29000","奈良県","","631","25","28","30","35","31","28","31","35","45","47","40","38","40","54","43","37","25","19"
"001","人口【千人】","001","男","002","日本人人口","1001","平成29年10月1日現在","30000","和歌山県","","442","17","19","21","24","18","19","22","24","31","32","28","29","30","39","29","25","19","16"
"001","人口【千人】","001","男","002","日本人人口","1001","平成29年10月1日現在","31000","鳥取県","","269","11","12","13","14","11","12","15","17","19","18","16","17","20","24","16","13","11","10"
"001","人口【千人】","001","男","002","日本人人口","1001","平成29年10月1日現在","32000","島根県","","326","14","15","15","17","12","14","17","19","23","21","19","21","24","30","21","17","15","14"
"001","人口【千人】","001","男","002","日本人人口","1001","平成29年10月1日現在","33000","岡山県","","907","39","42","44","49","46","44","50","55","68","65","54","53","57","73","58","46","35","30"
"001","人口【千人】","001","男","002","日本人人口","1001","平成29年10月1日現在","34000","広島県","","1,352","58","64","64","70","66","67","76","84","105","102","84","81","84","108","86","66","48","40"
"001","人口【千人】","001","男","002","日本人人口","1001","平成29年10月1日現在","35000","山口県","","649","26","28","30","33","28","29","33","37","47","45","38","39","45","60","45","36","28","24"
"001","人口【千人】","001","男","002","日本人人口","1001","平成29年10月1日現在","36000","徳島県","","353","14","14","15","17","15","15","18","21","25","24","22","23","26","34","23","19","15","13"
"001","人口【千人】","001","男","002","日本人人口","1001","平成29年10月1日現在","37000","香川県","","464","19","21","22","24","19","20","25","28","35","33","28","28","31","41","30","24","19","17"
"001","人口【千人】","001","男","002","日本人人口","1001","平成29年10月1日現在","38000","愛媛県","","640","26","28","30","33","26","27","33","38","47","44","39","41","45","58","41","34","26","23"
"001","人口【千人】","001","男","002","日本人人口","1001","平成29年10月1日現在","39000","高知県","","334","12","14","15","17","13","13","16","19","24","23","20","22","24","31","23","19","15","14"
"001","人口【千人】","001","男","002","日本人人口","1001","平成29年10月1日現在","40000","福岡県","","2,386","112","117","115","123","129","118","141","158","181","172","145","145","156","193","133","109","77","62"
"001","人口【千人】","001","男","002","日本人人口","1001","平成29年10月1日現在","41000","佐賀県","","387","18","20","20","22","17","17","21","24","27","25","23","26","28","33","21","18","14","13"
"001","人口【千人】","001","男","002","日本人人口","1001","平成29年10月1日現在","42000","長崎県","","632","28","30","31","33","25","27","32","36","42","42","39","44","49","58","37","32","26","22"
"001","人口【千人】","001","男","002","日本人人口","1001","平成29年10月1日現在","43000","熊本県","","828","38","41","41","43","36","38","45","50","56","52","50","54","61","70","48","40","34","30"
"001","人口【千人】","001","男","002","日本人人口","1001","平成29年10月1日現在","44000","大分県","","541","23","25","25","27","22","24","29","33","38","36","32","34","39","48","34","28","23","20"
"001","人口【千人】","001","男","002","日本人人口","1001","平成29年10月1日現在","45000","宮崎県","","510","23","26","26","26","20","21","26","30","35","32","30","34","39","46","30","26","22","18"
"001","人口【千人】","001","男","002","日本人人口","1001","平成29年10月1日現在","46000","鹿児島県","","761","35","38","38","38","29","31","40","44","49","46","46","53","62","69","43","38","32","28"
"001","人口【千人】","001","男","002","日本人人口","1001","平成29年10月1日現在","47000","沖縄県","","702","42","43","41","42","35","37","43","46","53","49","43","45","47","48","26","26","20","15"
"001","人口【千人】","002","女","001","総人口","1001","平成29年10月1日現在","00000","全国","","65,051","2,396","2,561","2,651","2,916","3,023","3,069","3,496","3,888","4,658","4,680","4,058","3,806","3,958","5,123","4,120","3,730","3,137","3,781"
"001","人口【千人】","002","女","001","総人口","1001","平成29年10月1日現在","01000","北海道","","2,814","88","97","103","114","114","119","139","159","192","191","178","177","194","251","193","177","149","180"
"001","人口【千人】","002","女","001","総人口","1001","平成29年10月1日現在","02000","青森県","","678","21","23","26","29","23","24","31","35","42","44","42","47","51","61","46","44","42","48"
"001","人口【千人】","002","女","001","総人口","1001","平成29年10月1日現在","03000","岩手県","","651","21","23","26","28","23","25","30","35","40","40","39","42","47","55","42","43","41","51"
"001","人口【千人】","002","女","001","総人口","1001","平成29年10月1日現在","04000","宮城県","","1,188","42","46","48","53","59","59","66","73","82","78","71","73","80","96","67","63","59","72"
"001","人口【千人】","002","女","001","総人口","1001","平成29年10月1日現在","05000","秋田県","","528","14","17","19","20","14","17","22","26","31","31","31","36","42","49","37","37","38","48"
"001","人口【千人】","002","女","001","総人口","1001","平成29年10月1日現在","06000","山形県","","571","19","21","23","25","19","22","27","31","35","34","33","38","41","48","35","35","36","50"
"001","人口【千人】","002","女","001","総人口","1001","平成29年10月1日現在","07000","福島県","","951","33","35","40","45","33","39","46","52","60","59","57","64","70","81","57","56","54","72"
"001","人口【千人】","002","女","001","総人口","1001","平成29年10月1日現在","08000","茨城県","","1,450","52","58","63","69","60","62","74","84","101","101","88","88","99","124","96","82","65","84"
"001","人口【千人】","002","女","001","総人口","1001","平成29年10月1日現在","09000","栃木県","","983","36","40","43","45","39","44","53","59","70","68","60","60","68","82","61","53","44","57"
"001","人口【千人】","002","女","001","総人口","1001","平成29年10月1日現在","10000","群馬県","","992","35","39","43","48","42","41","48","56","70","70","61","58","64","82","66","57","48","63"
"001","人口【千人】","002","女","001","総人口","1001","平成29年10月1日現在","11000","埼玉県","","3,662","138","147","153","168","191","180","201","226","278","284","236","205","214","288","246","208","148","149"
"001","人口【千人】","002","女","001","総人口","1001","平成29年10月1日現在","12000","千葉県","","3,143","114","124","130","141","152","150","171","193","236","242","199","177","188","253","215","180","134","143"
"001","人口【千人】","002","女","001","総人口","1001","平成29年10月1日現在","13000","東京都","","6,964","264","250","240","272","416","442","477","501","558","562","467","378","343","438","385","354","296","320"
"001","人口【千人】","002","女","001","総人口","1001","平成29年10月1日現在","14000","神奈川県","","4,590","174","185","189","208","242","232","260","294","358","375","311","258","246","329","282","249","191","208"
"001","人口【千人】","002","女","001","総人口","1001","平成29年10月1日現在","15000","新潟県","","1,169","39","44","47","52","44","47","56","64","77","74","69","71","80","100","74","71","68","93"
"001","人口【千人】","002","女","001","総人口","1001","平成29年10月1日現在","16000","富山県","","544","18","20","22","25","19","21","25","29","38","38","32","31","34","47","39","34","31","41"
"001","人口【千人】","002","女","001","総人口","1001","平成29年10月1日現在","17000","石川県","","591","22","24","25","28","26","26","29","33","42","41","35","35","36","49","39","33","29","39"
"001","人口【千人】","002","女","001","総人口","1001","平成29年10月1日現在","18000","福井県","","401","15","17","18","19","15","17","20","22","27","26","24","25","26","33","24","23","22","30"
"001","人口【千人】","002","女","001","総人口","1001","平成29年10月1日現在","19000","山梨県","","421","15","16","18","20","18","17","19","22","27","29","27","26","28","34","27","25","22","30"
"001","人口【千人】","002","女","001","総人口","1001","平成29年10月1日現在","20000","長野県","","1,064","38","43","46","50","36","42","49","58","72","72","65","64","67","86","70","64","58","85"
"001","人口【千人】","002","女","001","総人口","1001","平成29年10月1日現在","21000","岐阜県","","1,035","37","43","46","50","45","43","50","57","71","72","64","62","65","86","68","62","52","63"
"001","人口【千人】","002","女","001","総人口","1001","平成29年10月1日現在","22000","静岡県","","1,866","69","77","80","85","69","80","95","107","129","132","115","112","118","154","123","112","93","115"
"001","人口【千人】","002","女","001","総人口","1001","平成29年10月1日現在","23000","愛知県","","3,761","157","167","169","182","195","195","218","236","285","287","236","208","203","273","227","201","156","167"
"001","人口【千人】","002","女","001","総人口","1001","平成29年10月1日現在","24000","三重県","","923","33","38","40","44","38","40","46","51","64","65","57","56","58","75","60","54","47","58"
"001","人口【千人】","002","女","001","総人口","1001","平成29年10月1日現在","25000","滋賀県","","716","30","33","34","36","35","34","39","45","53","51","44","42","42","54","41","35","30","38"
"001","人口【千人】","002","女","001","総人口","1001","平成29年10月1日現在","26000","京都府","","1,357","47","50","53","60","80","66","71","78","97","97","83","74","76","110","91","80","65","79"
"001","人口【千人】","002","女","001","総人口","1001","平成29年10月1日現在","27000","大阪府","","4,583","165","174","183","208","238","234","252","275","344","359","296","249","246","350","303","279","211","215"
"001","人口【千人】","002","女","001","総人口","1001","平成29年10月1日現在","28000","兵庫県","","2,879","105","114","119","133","133","127","146","167","209","215","184","171","172","230","189","167","138","160"
"001","人口【千人】","002","女","001","総人口","1001","平成29年10月1日現在","29000","奈良県","","712","24","27","29","33","34","30","34","38","48","51","45","43","45","61","50","44","34","41"
"001","人口【千人】","002","女","001","総人口","1001","平成29年10月1日現在","30000","和歌山県","","501","17","18","20","23","18","19","23","25","32","34","32","32","33","43","35","32","29","36"
"001","人口【千人】","002","女","001","総人口","1001","平成29年10月1日現在","31000","鳥取県","","295","11","12","12","13","10","12","14","16","19","18","17","18","21","25","18","17","17","25"
"001","人口【千人】","002","女","001","総人口","1001","平成29年10月1日現在","32000","島根県","","355","13","14","14","16","11","13","16","18","22","21","19","21","24","31","24","22","23","34"
"001","人口【千人】","002","女","001","総人口","1001","平成29年10月1日現在","33000","岡山県","","991","37","40","41","46","48","45","51","54","68","65","56","56","59","79","66","57","52","70"
"001","人口【千人】","002","女","001","総人口","1001","平成29年10月1日現在","34000","広島県","","1,457","57","61","62","66","65","65","75","84","103","102","85","83","87","116","97","83","71","93"
"001","人口【千人】","002","女","001","総人口","1001","平成29年10月1日現在","35000","山口県","","727","24","27","29","32","27","27","33","37","46","46","40","42","48","66","53","49","44","57"
"001","人口【千人】","002","女","001","総人口","1001","平成29年10月1日現在","36000","徳島県","","389","13","14","15","17","14","15","19","21","25","25","23","24","27","35","25","23","23","31"
"001","人口【千人】","002","女","001","総人口","1001","平成29年10月1日現在","37000","香川県","","499","18","20","21","23","18","20","24","28","35","33","28","29","32","43","33","29","27","37"
"001","人口【千人】","002","女","001","総人口","1001","平成29年10月1日現在","38000","愛媛県","","719","24","27","29","31","25","28","34","38","47","46","43","44","49","64","49","45","41","55"
"001","人口【千人】","002","女","001","総人口","1001","平成29年10月1日現在","39000","高知県","","377","12","13","14","16","12","13","17","19","24","24","21","23","25","34","27","24","23","34"
"001","人口【千人】","002","女","001","総人口","1001","平成29年10月1日現在","40000","福岡県","","2,692","107","112","110","119","135","129","151","167","189","182","158","157","169","216","161","147","126","156"
"001","人口【千人】","002","女","001","総人口","1001","平成29年10月1日現在","41000","佐賀県","","434","17","19","19","21","17","18","22","24","27","26","25","27","30","35","25","25","23","32"
"001","人口【千人】","002","女","001","総人口","1001","平成29年10月1日現在","42000","長崎県","","718","26","28","29","32","26","28","33","38","44","44","43","47","52","62","45","45","41","55"
"001","人口【千人】","002","女","001","総人口","1001","平成29年10月1日現在","43000","熊本県","","933","37","39","39","41","37","40","47","52","58","55","55","59","65","75","55","54","52","71"
"001","人口【千人】","002","女","001","総人口","1001","平成29年10月1日現在","44000","大分県","","607","22","24","24","27","22","24","29","33","39","37","34","37","42","53","41","38","35","47"
"001","人口【千人】","002","女","001","総人口","1001","平成29年10月1日現在","45000","宮崎県","","577","22","25","25","26","20","22","28","32","36","34","33","37","42","50","35","34","33","43"
"001","人口【千人】","002","女","001","総人口","1001","平成29年10月1日現在","46000","鹿児島県","","863","33","36","36","37","32","35","43","48","52","50","50","56","64","70","49","51","50","71"
"001","人口【千人】","002","女","001","総人口","1001","平成29年10月1日現在","47000","沖縄県","","734","40","41","39","40","35","38","46","48","53","50","44","45","47","48","28","31","28","34"
"001","人口【千人】","002","女","002","日本人人口","1001","平成29年10月1日現在","00000","全国","","63,973","2,361","2,532","2,627","2,867","2,882","2,936","3,379","3,776","4,564","4,583","3,982","3,754","3,919","5,095","4,100","3,714","3,127","3,773"
"001","人口【千人】","002","女","002","日本人人口","1001","平成29年10月1日現在","01000","北海道","","2,797","87","97","103","113","110","116","136","157","191","190","178","176","194","251","193","177","149","180"
"001","人口【千人】","002","女","002","日本人人口","1001","平成29年10月1日現在","02000","青森県","","675","21","23","26","29","22","24","30","35","42","44","42","46","51","61","46","44","42","47"
"001","人口【千人】","002","女","002","日本人人口","1001","平成29年10月1日現在","03000","岩手県","","647","21","23","26","28","22","24","30","34","40","39","38","42","47","55","42","43","41","51"
"001","人口【千人】","002","女","002","日本人人口","1001","平成29年10月1日現在","04000","宮城県","","1,178","42","46","48","53","57","57","65","72","82","77","70","73","80","95","67","63","59","71"
"001","人口【千人】","002","女","002","日本人人口","1001","平成29年10月1日現在","05000","秋田県","","526","14","17","19","20","14","17","21","26","31","31","31","36","42","49","37","37","38","48"
"001","人口【千人】","002","女","002","日本人人口","1001","平成29年10月1日現在","06000","山形県","","567","19","21","23","25","19","22","26","31","34","33","33","37","41","48","35","35","36","50"
"001","人口【千人】","002","女","002","日本人人口","1001","平成29年10月1日現在","07000","福島県","","944","33","35","40","44","32","38","45","51","59","58","57","63","70","81","56","56","54","72"
"001","人口【千人】","002","女","002","日本人人口","1001","平成29年10月1日現在","08000","茨城県","","1,427","51","57","62","68","58","60","72","82","99","99","86","86","98","123","95","82","65","84"
"001","人口【千人】","002","女","002","日本人人口","1001","平成29年10月1日現在","09000","栃木県","","968","36","39","42","45","38","42","51","58","69","67","58","59","67","82","61","52","44","57"
"001","人口【千人】","002","女","002","日本人人口","1001","平成29年10月1日現在","10000","群馬県","","969","34","39","43","47","39","39","46","54","68","68","59","57","63","82","66","57","48","63"
"001","人口【千人】","002","女","002","日本人人口","1001","平成29年10月1日現在","11000","埼玉県","","3,592","135","145","151","165","183","172","193","219","272","277","230","201","212","287","245","207","147","149"
"001","人口【千人】","002","女","002","日本人人口","1001","平成29年10月1日現在","12000","千葉県","","3,084","112","122","129","138","146","144","165","187","230","235","193","173","186","251","215","180","134","143"
"001","人口【千人】","002","女","002","日本人人口","1001","平成29年10月1日現在","13000","東京都","","6,735","257","243","235","262","383","408","451","477","539","543","452","368","336","434","382","352","294","319"
"001","人口【千人】","002","女","002","日本人人口","1001","平成29年10月1日現在","14000","神奈川県","","4,502","170","182","187","204","234","222","250","284","349","367","304","253","242","327","281","248","190","207"
"001","人口【千人】","002","女","002","日本人人口","1001","平成29年10月1日現在","15000","新潟県","","1,160","39","44","47","51","43","46","55","63","76","73","69","71","80","100","74","71","68","93"
"001","人口【千人】","002","女","002","日本人人口","1001","平成29年10月1日現在","16000","富山県","","537","18","20","22","24","18","20","24","28","37","37","31","31","34","47","39","34","31","41"
"001","人口【千人】","002","女","002","日本人人口","1001","平成29年10月1日現在","17000","石川県","","586","22","24","25","28","25","25","28","33","42","41","35","34","36","49","39","33","29","39"
"001","人口【千人】","002","女","002","日本人人口","1001","平成29年10月1日現在","18000","福井県","","394","15","16","17","19","14","16","19","21","26","26","24","25","25","33","24","23","22","30"
"001","人口【千人】","002","女","002","日本人人口","1001","平成29年10月1日現在","19000","山梨県","","414","14","16","17","20","18","17","19","21","27","28","26","26","28","34","27","25","22","30"
"001","人口【千人】","002","女","002","日本人人口","1001","平成29年10月1日現在","20000","長野県","","1,047","37","42","46","49","34","40","48","56","70","70","63","63","66","86","70","64","58","85"
"001","人口【千人】","002","女","002","日本人人口","1001","平成29年10月1日現在","21000","岐阜県","","1,014","37","42","45","49","42","41","47","54","69","70","63","61","65","86","67","61","52","63"
"001","人口【千人】","002","女","002","日本人人口","1001","平成29年10月1日現在","22000","静岡県","","1,828","67","75","79","83","65","76","91","102","126","128","112","110","117","153","123","112","93","115"
"001","人口【千人】","002","女","002","日本人人口","1001","平成29年10月1日現在","23000","愛知県","","3,659","153","163","165","177","183","184","206","224","276","278","230","203","200","271","226","200","155","167"
"001","人口【千人】","002","女","002","日本人人口","1001","平成29年10月1日現在","24000","三重県","","904","33","37","39","42","36","38","44","49","62","64","56","55","57","75","60","54","47","58"
"001","人口【千人】","002","女","002","日本人人口","1001","平成29年10月1日現在","25000","滋賀県","","705","30","33","33","36","34","33","38","44","52","50","43","41","42","54","41","35","29","38"
"001","人口【千人】","002","女","002","日本人人口","1001","平成29年10月1日現在","26000","京都府","","1,331","46","50","53","59","76","63","69","76","95","95","82","73","75","109","90","79","64","78"
"001","人口【千人】","002","女","002","日本人人口","1001","平成29年10月1日現在","27000","大阪府","","4,495","163","173","181","205","229","225","245","268","338","353","290","244","240","346","299","275","208","213"
"001","人口【千人】","002","女","002","日本人人口","1001","平成29年10月1日現在","28000","兵庫県","","2,834","104","113","118","131","128","123","142","163","206","211","181","168","170","228","187","165","137","159"
"001","人口【千人】","002","女","002","日本人人口","1001","平成29年10月1日現在","29000","奈良県","","707","24","27","29","33","33","30","33","38","48","51","45","42","45","61","50","44","34","41"
"001","人口【千人】","002","女","002","日本人人口","1001","平成29年10月1日現在","30000","和歌山県","","497","17","18","20","23","17","19","22","25","32","33","32","31","33","43","35","32","29","36"
"001","人口【千人】","002","女","002","日本人人口","1001","平成29年10月1日現在","31000","鳥取県","","293","11","12","12","13","10","11","14","16","19","17","17","18","20","25","18","17","17","25"
"001","人口【千人】","002","女","002","日本人人口","1001","平成29年10月1日現在","32000","島根県","","351","13","14","14","16","10","13","16","18","21","20","19","21","24","30","24","22","23","34"
"001","人口【千人】","002","女","002","日本人人口","1001","平成29年10月1日現在","33000","岡山県","","980","37","40","41","46","46","44","49","53","67","64","55","56","59","79","66","57","52","70"
"001","人口【千人】","002","女","002","日本人人口","1001","平成29年10月1日現在","34000","広島県","","1,438","56","61","61","65","62","63","73","81","102","101","84","82","87","116","97","83","71","93"
"001","人口【千人】","002","女","002","日本人人口","1001","平成29年10月1日現在","35000","山口県","","720","24","27","28","31","25","26","32","36","46","46","40","42","48","65","53","49","44","57"
"001","人口【千人】","002","女","002","日本人人口","1001","平成29年10月1日現在","36000","徳島県","","386","13","14","15","17","14","15","18","20","25","25","23","24","27","35","25","23","23","31"
"001","人口【千人】","002","女","002","日本人人口","1001","平成29年10月1日現在","37000","香川県","","494","18","19","21","22","17","19","24","27","35","33","28","29","32","43","33","29","27","37"
"001","人口【千人】","002","女","002","日本人人口","1001","平成29年10月1日現在","38000","愛媛県","","714","24","27","28","31","24","27","33","38","47","46","42","44","49","64","48","45","41","55"
"001","人口【千人】","002","女","002","日本人人口","1001","平成29年10月1日現在","39000","高知県","","376","12","13","14","16","12","13","16","19","24","24","21","23","25","34","27","24","23","34"
"001","人口【千人】","002","女","002","日本人人口","1001","平成29年10月1日現在","40000","福岡県","","2,665","106","112","109","118","130","126","148","164","187","180","156","156","168","215","160","147","126","156"
"001","人口【千人】","002","女","002","日本人人口","1001","平成29年10月1日現在","41000","佐賀県","","431","17","19","19","21","17","18","22","24","27","26","25","27","30","35","25","25","23","32"
"001","人口【千人】","002","女","002","日本人人口","1001","平成29年10月1日現在","42000","長崎県","","714","26","28","29","32","25","27","33","37","43","44","43","47","52","62","45","45","41","55"
"001","人口【千人】","002","女","002","日本人人口","1001","平成29年10月1日現在","43000","熊本県","","926","37","39","39","41","35","39","47","51","57","55","55","59","65","75","55","54","52","71"
"001","人口【千人】","002","女","002","日本人人口","1001","平成29年10月1日現在","44000","大分県","","601","22","24","24","26","21","23","28","33","39","37","34","37","41","52","40","37","35","47"
"001","人口【千人】","002","女","002","日本人人口","1001","平成29年10月1日現在","45000","宮崎県","","573","22","25","24","26","19","22","28","31","36","34","33","37","42","50","35","34","33","43"
"001","人口【千人】","002","女","002","日本人人口","1001","平成29年10月1日現在","46000","鹿児島県","","856","33","36","36","37","30","34","42","47","51","49","50","56","64","70","49","51","50","71"
"001","人口【千人】","002","女","002","日本人人口","1001","平成29年10月1日現在","47000","沖縄県","","728","40","41","39","40","34","37","45","47","53","49","43","45","47","48","28","31","27","34"
